{"cameraMode":{"drawMode":0,"name":"Shaded","section":"Shading Mode"},"sceneLighting":false,"audioPlay":false,"sceneViewState":{"showFog":true,"showMaterialUpdate":false,"showSkybox":true,"showFlares":true,"showImageEffects":true,"showParticleSystems":true},"in2DMode":false,"pivot":{"x":0.0,"y":0.9950621128082275,"z":0.003911316394805908},"rotation":{"x":-0.05606316775083542,"y":-0.20460490882396699,"z":0.01173810102045536,"w":-0.9771673679351807},"size":3.597294807434082,"orthographic":false}