{"cameraMode":{"drawMode":0,"name":"Shaded","section":"Shading Mode"},"sceneLighting":false,"audioPlay":false,"sceneViewState":{"showFog":true,"showMaterialUpdate":false,"showSkybox":true,"showFlares":true,"showImageEffects":true,"showParticleSystems":true},"in2DMode":false,"pivot":{"x":0.0,"y":1.9950621128082276,"z":0.003911316394805908},"rotation":{"x":-0.18478526175022126,"y":0.7459456324577332,"z":-0.2310018241405487,"w":-0.5967056751251221},"size":3.597294807434082,"orthographic":false}