{"cameraMode":{"drawMode":0,"name":"Shaded","section":"Shading Mode"},"sceneLighting":false,"audioPlay":false,"sceneViewState":{"showFog":true,"showMaterialUpdate":false,"showSkybox":true,"showFlares":true,"showImageEffects":true,"showParticleSystems":true},"in2DMode":false,"pivot":{"x":0.0,"y":0.9950621128082275,"z":0.003911316394805908},"rotation":{"x":0.4844511151313782,"y":-0.01471338327974081,"z":0.0081475293263793,"w":0.8746566772460938},"size":3.597294807434082,"orthographic":false}