{"cameraMode":{"drawMode":0,"name":"Shaded","section":"Shading Mode"},"sceneLighting":false,"audioPlay":false,"sceneViewState":{"showFog":true,"showMaterialUpdate":false,"showSkybox":true,"showFlares":true,"showImageEffects":true,"showParticleSystems":true},"in2DMode":false,"pivot":{"x":0.0,"y":0.9950621128082275,"z":0.003911316394805908},"rotation":{"x":0.6573176383972168,"y":0.008800952695310116,"z":-0.007679421920329332,"w":0.7535231113433838},"size":3.597294807434082,"orthographic":false}