{"cameraMode":{"drawMode":0,"name":"Shaded","section":"Shading Mode"},"sceneLighting":false,"audioPlay":false,"sceneViewState":{"showFog":true,"showMaterialUpdate":false,"showSkybox":true,"showFlares":true,"showImageEffects":true,"showParticleSystems":true},"in2DMode":false,"pivot":{"x":0.0,"y":0.9950621128082275,"z":0.003911316394805908},"rotation":{"x":0.4673582911491394,"y":0.00634727394208312,"z":-0.0033574022818356754,"w":0.8840388655662537},"size":3.597294807434082,"orthographic":false}