{"cameraMode":{"drawMode":0,"name":"Shaded","section":"Shading Mode"},"sceneLighting":true,"audioPlay":false,"sceneViewState":{"showFog":true,"showMaterialUpdate":false,"showSkybox":true,"showFlares":true,"showImageEffects":true,"showParticleSystems":true},"in2DMode":false,"pivot":{"x":9.22726058959961,"y":0.384249210357666,"z":-8.7235689163208},"rotation":{"x":-0.1109267994761467,"y":-0.6792426705360413,"z":0.10496370494365692,"w":-0.71784907579422},"size":4.797319412231445,"orthographic":false}