{"cameraMode":{"drawMode":0,"name":"Shaded","section":"Shading Mode"},"sceneLighting":true,"audioPlay":false,"sceneViewState":{"showFog":true,"showMaterialUpdate":false,"showSkybox":true,"showFlares":true,"showImageEffects":true,"showParticleSystems":true},"in2DMode":false,"pivot":{"x":-4.0213236808776859,"y":14.75285530090332,"z":-13.170384407043457},"rotation":{"x":-0.47701194882392886,"y":-0.48660287261009219,"z":0.36633074283599856,"w":-0.6336238384246826},"size":10.463500022888184,"orthographic":false}