{"cameraMode":{"drawMode":0,"name":"Shaded","section":"Shading Mode"},"sceneLighting":false,"audioPlay":false,"sceneViewState":{"showFog":true,"showMaterialUpdate":false,"showSkybox":true,"showFlares":true,"showImageEffects":true,"showParticleSystems":true},"in2DMode":false,"pivot":{"x":8.520000457763672,"y":3.142505645751953,"z":-12.800000190734864},"rotation":{"x":-0.16631919145584107,"y":-0.790506899356842,"z":0.5359675884246826,"w":-0.24530711770057679},"size":22.367328643798829,"orthographic":false}